num_worker,num_processor,time_taken
1,-,15.37522578239441
2,-,15.419485092163086
4,-,15.368724822998047
8,-,15.349829196929932
